OperationID,Object_ID,Name,Scope,Type,ReturnArray,Stereotype,IsStatic,Concurrency,Notes,Behaviour,Abstract,GenOption,Synchronized,Pos,Const,Style,Pure,Throws,Classifier,Code,IsRoot,IsLeaf,IsQuery,StateFlags,ea_guid,StyleEx
111,67341,Transport by Qualified Forklift Driver,Public,entry,,,,Sequential,,{D5D40282-0EF4-429b-B0E3-3F2AA3146503},,,0,0,0,,0,,0,,0,0,0,,{20A9ED43-ACD5-47cf-AFDE-EADA7AA269AF},
112,67339,Inspect by Certified Operator,Public,entry,0,,,Sequential,,{DDD7395E-F35E-4847-9F12-5DDD8BC39888},,,0,0,0,,0,,0,,0,0,0,,{38B63635-59AD-4ac3-BF28-A4B961C0E088},
113,84947,Disable Contactor,Public,entry,,,,Sequential,,,,,,0,0,,0,,,,0,0,0,,{326C22AB-31E2-4f32-BC0E-6BD687D1814C},
114,84947,Disable Power Stage,Public,do,,,,Sequential,,,,,,1,0,,0,,,,0,0,0,,{3622D2A5-C558-4570-A8FF-E7C63E8EC444},
115,84994,Set Port Mode,Public,exit,,,,Sequential,,,,,,2,0,,0,,,,0,0,0,,{41DDECDF-4124-41c6-9641-B40AB39E7A56},
116,84994,Identify Port Connection,Public,do,,,,Sequential,,,,,,1,0,,0,,,,0,0,0,,{DBAAB1AF-233B-44b6-BCA0-188F9722C30D},
117,84995,Equalize Voltage,Public,do,,,,Sequential,,,,,,1,0,,0,,,,0,0,0,,{6C832B53-E0E7-4951-B274-0D66605DA7C6},
118,84995,Confirm Voltage Match,Public,exit,,,,Sequential,,,,,,2,0,,0,,,,0,0,0,,{9787FCFC-B368-4a46-8B06-E91DBBA74417},
119,84995,Read Battery Voltage,Public,entry,,,,Sequential,,,,,,0,0,,0,,,,0,0,0,,{CF8B0A89-BFC5-4f88-993B-66A1CA75A9EB},
120,84996,Enable Contactor,Public,entry,,,,Sequential,,,,,,0,0,,0,,,,0,0,0,,{FDB5818B-E0F5-4765-971D-68668139F81A},
121,84996,Disable Power Stage,Public,do,,,,Sequential,,,,,,1,0,,0,,,,0,0,0,,{9736FE44-FE67-4c40-9B68-8DE56AD664C1},
122,84996,System Ready,Public,exit,,,,Sequential,,,,,,2,0,,0,,,,0,0,0,,{28F1DB1B-4769-4fa4-B1B5-934EB1EC949D},
123,84997,Enable Power Stage,Public,do,,,,Sequential,,,,,,1,0,,0,,,,0,0,0,,{7D9346D4-14BA-4bd1-AD4D-F2DB284BB207},
124,84998,Check Ports,Public,entry,,,,Sequential,,,,,,0,0,,0,,,,0,0,0,,{864D3FE2-BBDF-4b04-8768-1E59D8843A15},
125,84998,Identify Port Mode,Public,do,,,,Sequential,,,,,,1,0,,0,,,,0,0,0,,{8C998BE2-5877-4d63-9075-0ABA6DE3C918},
126,84999,Disable Contactor,Public,entry,,,,Sequential,,,,,,0,0,,0,,,,0,0,0,,{C6F78D26-87CF-4880-8EC6-A25C786D7B2E},
127,84999,Disable Power Stage,Public,do,,,,Sequential,,,,,,1,0,,0,,,,0,0,0,,{5366127E-64E6-4a57-9237-BFDC8B548267},
128,85000,Disable Contactor,Public,entry,,,,Sequential,,,,,,0,0,,0,,,,0,0,0,,{A3DB8419-43FD-4a47-951C-344CAFA2C82B},
129,85000,Disable Power Stage,Public,do,,,,Sequential,,,,,,1,0,,0,,,,0,0,0,,{1D9BAF1F-7F41-45b0-94D3-1C21E27FFF7E},
130,91505,Regulate to 5VDC Output,Public,entry,0,,,Sequential,,{4D82BBB8-6889-4853-AF0D-13A5E42EDBCC},,,0,0,0,,0,,0,,0,0,0,,{B28F59D6-37C9-476b-A125-0E761BDEC984},
132,91506,Communicate with external device,Public,do,0,,,Sequential,,{997BF4A6-8B57-4a3b-9695-8C957E29A376},,,0,0,0,,0,,0,,0,0,0,,{30063C58-4A45-44c4-A7AA-DD8C1E7419C5},
133,91506,Communicate with Charger,Public,entry,0,,,Sequential,,{5ACCC4CB-44AA-4504-804D-E98BD25D024F},,,0,0,0,,0,,0,,0,0,0,,{67DBEE9C-85E7-4714-9163-5E9DFAD22E21},
134,23143,DC Output Isolation,Public,entry,0,,0,Sequential,,{7CD464F8-51AF-48df-A564-B5C1D0DAD918},0,,0,0,0,,0,,0,,0,0,0,,{516837C6-945D-444c-A05E-34C2C53690FD},
