Table,Present,Rows,Columns
t_object,yes,35969,Object_ID | Object_Type | Diagram_ID | Name | Alias | Author | Version | Note | Package_ID | Stereotype | NType | Complexity | Effort | Style | Backcolor | BorderStyle | BorderWidth | Fontcolor | Bordercolor | CreatedDate | ModifiedDate | Status | Abstract | Tagged | PDATA1 | PDATA2 | PDATA3 | PDATA4 | PDATA5 | Concurrency | Visibility | Persistence | Cardinality | GenType | GenFile | Header1 | Header2 | Phase | Scope | GenOption | GenLinks | Classifier | ea_guid | ParentID | RunState | Classifier_guid | TPos | IsRoot | IsLeaf | IsSpec | IsActive | StateFlags | PackageFlags | Multiplicity | StyleEx | ActionFlags | EventFlags
t_connector,yes,21822,Connector_ID | Name | Direction | Notes | Connector_Type | SubType | SourceCard | SourceAccess | SourceElement | DestCard | DestAccess | DestElement | SourceRole | SourceRoleType | SourceRoleNote | SourceContainment | SourceIsAggregate | SourceIsOrdered | SourceQualifier | DestRole | DestRoleType | DestRoleNote | DestContainment | DestIsAggregate | DestIsOrdered | DestQualifier | Start_Object_ID | End_Object_ID | Top_Start_Label | Top_Mid_Label | Top_End_Label | Btm_Start_Label | Btm_Mid_Label | Btm_End_Label | Start_Edge | End_Edge | PtStartX | PtStartY | PtEndX | PtEndY | SeqNo | HeadStyle | LineStyle | RouteStyle | IsBold | LineColor | Stereotype | VirtualInheritance | LinkAccess | PDATA1 | PDATA2 | PDATA3 | PDATA4 | PDATA5 | DiagramID | ea_guid | SourceConstraint | DestConstraint | SourceIsNavigable | DestIsNavigable | IsRoot | IsLeaf | IsSpec | SourceChangeable | DestChangeable | SourceTS | DestTS | StateFlags | ActionFlags | IsSignal | IsStimulus | DispatchAction | Target2 | StyleEx | SourceStereotype | DestStereotype | SourceStyle | DestStyle | EventFlags
t_package,yes,1387,Package_ID | Name | Parent_ID | CreatedDate | ModifiedDate | Notes | ea_guid | XMLPath | IsControlled | LastLoadDate | LastSaveDate | Version | Protected | PkgOwner | UMLVersion | UseDTD | LogXML | CodePath | Namespace | TPos | PackageFlags | BatchSave | BatchLoad
t_objectproperties,yes,249892,PropertyID | Object_ID | Property | Value | Notes | ea_guid
t_xref,yes,42052,XrefID | Name | Type | Visibility | Namespace | Requirement |  | Behavior |  | Description | Client | Supplier | Link
t_attribute,yes,5,Object_ID | Name | Scope | Stereotype | Containment | IsStatic | IsCollection | IsOrdered | AllowDuplicates | LowerBound | UpperBound | Container | Notes | Derived | ID | Pos | GenOption | Length | Precision | Scale | Const | Style | Classifier |  | Type | ea_guid | StyleEx
t_attributetag,yes,0,PropertyID | ElementID | Property | VALUE | NOTES | ea_guid
t_attributeconstraints,yes,0,Object_ID |  | AttName | Type | Notes | ID
t_operation,yes,23,OperationID | Object_ID | Name | Scope | Type | ReturnArray | Stereotype | IsStatic | Concurrency | Notes | Behaviour | Abstract | GenOption | Synchronized | Pos | Const | Style | Pure | Throws | Classifier | Code | IsRoot | IsLeaf | IsQuery | StateFlags | ea_guid | StyleEx
t_operationparams,yes,0,OperationID | Name | Type |  | Notes | Pos | Const | Style | Kind | Classifier | ea_guid | StyleEx
t_operationtag,yes,0,PropertyID | ElementID | Property | VALUE | NOTES | ea_guid
t_connectortag,yes,4583,PropertyID | ElementID | Property | VALUE | NOTES | ea_guid
t_connectorconstraint,yes,0,ConnectorID |  | ConstraintType | Notes
t_constraint,no,,
t_objectconstraint,yes,0,Object_ID |  | ConstraintType | Weight | Notes | Status
t_objectscenarios,yes,1,Object_ID | Scenario | ScenarioType | EValue | Notes | XMLContent | ea_guid
t_objecttests,yes,0,Object_ID | Test | TestClass | TestType | Notes | InputData | AcceptanceCriteria | Status | DateRun | Results | RunBy | CheckBy
t_objectrisks,yes,0,Object_ID | Risk | RiskType | EValue | Notes
t_objectproblems,yes,0,Object_ID | Problem | ProblemType | DateReported | Status | ProblemNotes | ReportedBy | ResolvedBy | DateResolved | Version | ResolverNotes | Priority | Severity
t_objectmetrics,yes,0,Object_ID | Metric | MetricType | EValue | Notes
t_objecteffort,yes,0,Object_ID | Effort | EffortType | EValue | Notes
t_issues,yes,0,Issue | IssueDate | Owner | Status | Notes | Resolver | DateResolved | Resolution | IssueID | Category | Priority | Severity | IssueType
t_tasks,yes,0,TaskID | Name | TaskType | NOTES | Priority | Status | Owner | StartDate | EndDate | Phase | History | Percent | TotalTime | ActualTime | AssignedTo
t_glossary,yes,0,Term | Type | Meaning | GlossaryID
t_diagram,yes,2924,Diagram_ID | Package_ID | ParentID | Diagram_Type | Name | Version | Author | ShowDetails | Notes | Stereotype | AttPub | AttPri | AttPro | Orientation | cx | cy | Scale | CreatedDate | ModifiedDate | HTMLPath | ShowForeign | ShowBorder | ShowPackageContents | PDATA | Locked | ea_guid | TPos | Swimlanes | StyleEx
t_diagramobjects,yes,42966,Diagram_ID | Object_ID | RectTop | RectLeft | RectRight | RectBottom | Sequence | ObjectStyle | Instance_ID
t_diagramlinks,yes,37955,DiagramID | ConnectorID | Geometry | Style | Hidden | Path | Instance_ID
t_document,yes,397,DocID | DocName | Notes | Style | ElementID | ElementType | StrContent | BinContent | DocType | Author | Version | IsActive | Sequence | DocDate
t_files,yes,0,FileID | AppliesTo | Category | Name | File | Notes | FileDate | FileSize
