Property,Rows,Blank,NonBlank,FilteredOut
id,13816,8804,5012,
text,13816,13135,681,yes
Responsible,8059,5871,2188,
Supporting,8059,5871,2188,
In-Links,7095,7079,16,
Out-Links,7095,7095,0,
Priority,7029,1,7028,
Verification Criterion,7028,7028,0,
Priority-Trace,7028,4840,2188,
Verification Comment,7028,7028,0,
Cybersecurity-Trace,5620,4840,780,
Special Characteristic,5543,3148,2395,
Special Characteristic Comment,5543,5420,123,
Allocation,4848,0,4848,
Application,4848,2912,1936,
Category,4848,0,4848,
External Reference,4848,4848,0,
Identifier,4848,4848,0,
Note,4848,4848,0,
Object Type,4848,0,4848,
Rationale,4848,4848,0,
Status,4848,0,4848,yes
Webasto MBDV Profile::Stakeholder ID,3733,2976,757,
Webasto MBDV Profile::Special Characteristic Comment,3733,3733,0,
Webasto MBDV Profile::Special Characteristic,3733,3353,380,
Webasto MBDV Profile::Applicability Status,3733,0,3733,
Webasto MBDV Profile::Applicability Comment,3733,3722,11,
Special Characteristic-Trace,3665,0,3665,
Target,3665,0,3665,
Target-Trace,3665,0,3665,
Applicability Status,3363,0,3363,
Applicability Comment,3363,3318,45,
Stakeholder ID,3363,2899,464,
SysML1.1::text,3276,3274,2,
isEncapsulated,2723,2723,0,
SysML1.4::text,2685,0,2685,yes
Webasto MBDV Profile::Priority,2391,18,2373,
Webasto MBDV Profile::Object Type,2391,0,2391,
SysML1.4::id,2391,0,2391,yes
Webasto MBDV Profile::Status,2391,0,2391,yes
Abstraction Layer,2293,0,2293,yes
Webasto MBDV Profile::External Reference,2255,2253,2,
Webasto MBDV Profile::Identifier,2255,2255,0,
Webasto MBDV Profile::Category,2255,0,2255,
Webasto MBDV Profile::Responsible,2255,2255,0,
Webasto MBDV Profile::Allocation,2255,0,2255,
Webasto MBDV Profile::Supporting,2255,2255,0,
Webasto MBDV Profile::Cybersecurity-Trace,2255,2255,0,
Webasto MBDV Profile::Application,2255,1443,812,
Webasto MBDV Profile::Priority-Trace,2255,2255,0,
Webasto MBDV Profile::Note,2255,2255,0,
Webasto MBDV Profile::Verification Criterion,2255,2255,0,
Webasto MBDV Profile::Verification Comment,2255,2255,0,
Webasto MBDV Profile::Rationale,2255,2255,0,
ASIL-Trace,2015,0,2015,
Application-Trace,1485,0,1485,
Cybersecurity,1485,0,1485,
source,1320,1318,2,
risk,1320,1319,1,
verifyMethod,1320,1318,2,
direction,763,0,763,
ASIL,530,0,530,
Duration Time in ms,530,530,0,
Verdict,527,527,0,
Domain,466,297,169,yes
Type,386,386,0,
SysML1.4::propertyPath,319,319,0,
Sales Comment,137,133,4,
Engineering Comment,137,127,10,
Origin,137,19,118,
Product Management Comment,137,100,37,
User Story,137,19,118,
MFG PN,123,22,101,
PN,60,53,7,
Piece Cost,53,47,6,
CMF,53,38,15,
Style,50,37,13,
Quantity,47,37,10,
SignalType,46,36,10,yes
Meter Cost,39,39,0,
Dimensions,38,38,0,
Weight (g),38,36,2,
PN Change Level,38,35,3,yes
Cable Compatibility,16,1,15,
PartNumber,13,9,4,
Material,11,9,2,
Length - inIC-CPD,10,10,0,
Length - inCoupler,10,10,0,
Length - Useable,10,10,0,
Finish,10,9,1,
Color,10,9,1,
Brand,7,1,6,
SSDefaultToolbox,6,0,6,yes
Current Max,6,1,5,
CurrentOutMax,5,4,1,
Severity,5,2,3,
Occurence,5,2,3,
DataType,4,4,0,
VoltageOutMax,3,2,1,
VoltageInMax,3,2,1,
PowerMax,3,2,1,
Positions,2,1,1,
VoltageOutMin,2,1,1,
VoltageInMin,2,1,1,
Volume,1,1,0,
Max Current,1,1,0,
Mfg PN,1,1,0,
Cable OD,1,1,0,
Length - inConnector,1,1,0,
Length - in Grid,1,1,0,
Cable Type,1,1,0,
Detection,1,0,1,
Mgf PN,1,1,0,
Cost,1,1,0,
SC,1,1,0,
Observability,1,1,0,
Compatibility,1,1,0,
Product Cost,1,1,0,
Difficulty,1,1,0,
SW time,1,1,0,
HW time,1,1,0,
