Connector_GUID,Connector_Type,Name,Start_End,End_End,Start_Ports_Available,End_Ports_Available,Port_Ends,Category
{3C1B1A4A-C2C7-4c42-8F4B-F48168B3858C},Connector,,Port | RJ45,Part | Eth,port,2,one end is a port,"choose port (several, or none at one block-level end)"
{D6E595CC-9494-4eea-BE04-1F6A080F4F5C},Connector,,Port | USB-C,Part | USB-ESP,port,4,one end is a port,"choose port (several, or none at one block-level end)"
{EAA3A8F5-8814-4eb3-A339-683E593B48A4},Connector,,Part | Pilot,Port | Pilot,4,port,one end is a port,"choose port (several, or none at one block-level end)"
{3DB007E2-B656-49b0-95EE-ED2969D0934E},Connector,,Part | Ext CAN,Port | Port A,7,port,one end is a port,"choose port (several, or none at one block-level end)"
{FB1F4002-4F03-41b0-BAEE-8E4CCE167105},Connector,,Part | AC Volt,Port | Grid Voltage,2,port,one end is a port,"choose port (several, or none at one block-level end)"
{416221BB-9E53-4f19-87F4-15105CC395DF},Connector,,Part | Remote,Port | Remote,5,port,one end is a port,"choose port (several, or none at one block-level end)"
{2247A6C2-5563-4da6-A29D-4409E68F8A6D},Connector,,Part | Stack,Port | Stack,3,port,one end is a port,"choose port (several, or none at one block-level end)"
{F8F244A4-0B43-4fbb-9631-B18332A474CA},Connector,,Part | CAN TXRX,Part | Ext CAN,4,7,no end is a port,"choose port (several, or none at one block-level end)"
{1E8DFADB-67DE-4d3f-B664-0B41D7584D57},Connector,,Part | BLEWiFi Ant,Part | Phone/Router,0,4,no end is a port,"choose port (several, or none at one block-level end)"
{DBB91AB7-3839-4dbc-ACBE-24F8F24211E6},Connector,,Part | Pollution Degree 2,Part | PCOM,11,0,no end is a port,"choose port (several, or none at one block-level end)"
{5EEE9EC7-75A6-40bb-8344-68268E789DA1},Connector,,Part | Technician,Part | GSE PS,9,0,no end is a port,"choose port (several, or none at one block-level end)"
{E993C910-F767-4630-9D5D-ED80CC64E33C},Connector,,Part | Environment,Part | Server,11,5,no end is a port,"choose port (several, or none at one block-level end)"
{8275554D-552E-4598-82BA-F75E3AE99B6E},Connector,,Part | Environment,Part | HVPS,11,5,no end is a port,"choose port (several, or none at one block-level end)"
{2A775980-24DC-47b9-8CE9-06F556230863},Connector,,Part | Environment,Part | Station,11,9,no end is a port,"choose port (several, or none at one block-level end)"
{C9032AC5-EC60-4e6a-996C-6043334448F0},Connector,,Port | ~J5 24VDC In,Part | 24-12VDC Acc,port,3,one end is a port,"choose port (several, or none at one block-level end)"
{1E0A362B-5363-48b1-BF2A-E6E2ACFF110B},Connector,,Part | 24-12VDC Acc,Port | X201 12VDC Out,3,port,one end is a port,"choose port (several, or none at one block-level end)"
{27D416B1-2764-45f1-A430-A2FBE595C42A},Connector,,Part | ,Part | ,5,0,no end is a port,"choose port (several, or none at one block-level end)"
{1DE2AF45-9890-4cee-8C9B-5214C386C2B1},Connector,,Part | ,Part | ,1,0,no end is a port,"choose port (several, or none at one block-level end)"
{26A87361-BA9B-46f4-B229-6412D5E887FA},Connector,,Part | ,Part | ,1,5,no end is a port,"choose port (several, or none at one block-level end)"
{2CC15C26-609A-4b57-8514-C9B9BC5F9971},Connector,,Part | B Cross,Part | A,2,0,no end is a port,"choose port (several, or none at one block-level end)"
{0DCCEADB-28A5-4af8-BBA7-ABC65326A55B},Connector,,Part | B Local,Part | B,2,0,no end is a port,"choose port (several, or none at one block-level end)"
{7087CB87-90C4-40e3-93A0-9BA4951975EC},Connector,,Part | A Local,Part | A,2,0,no end is a port,"choose port (several, or none at one block-level end)"
{ADB5C1F0-2A65-4dbd-9D79-592F08591F06},Connector,,Part | A Cross,Part | B,2,0,no end is a port,"choose port (several, or none at one block-level end)"
{32DC6A7F-8B70-4f5b-BFEE-EA8AD925C94C},Connector,,Object | GSE Breaker 70A,Object | 3P + PE,6,0,no end is a port,"choose port (several, or none at one block-level end)"
{BA0D8D6F-263F-4323-A92A-23F1B86D7985},Connector,,Object | 3P + PE,Object | DVS_E,0,9,no end is a port,"choose port (several, or none at one block-level end)"
{4D3D78DD-70FB-497f-9FD2-8E7305166EB6},Connector,,Object | DVS_E,Object | DVS-TurboConnect,9,2,no end is a port,"choose port (several, or none at one block-level end)"
{4B8BD6C0-9C76-4b79-9132-45CED22CA06C},Connector,,Object | DVS-TurboConnect,Object | GSE TurboConnect,2,0,no end is a port,"choose port (several, or none at one block-level end)"
{1BAFC6CA-22D4-4abf-B0B7-0539BD27C866},Connector,,Part | ,Part | ,1,0,no end is a port,"choose port (several, or none at one block-level end)"
{FD1FE893-530F-4349-9780-B730654FE029},Connector,,Part | ,Part | ,0,2,no end is a port,"choose port (several, or none at one block-level end)"
{E0A665E8-0F6B-41f6-B485-15966C379011},Connector,,Part | ,Part | ,0,2,no end is a port,"choose port (several, or none at one block-level end)"
{06168A46-AF3F-49a0-BBF4-EF9E55001B6F},Connector,+3.3VDC,Part | 3.3VDC,Part | Eth,1,2,no end is a port,"choose port (several, or none at one block-level end)"
{9C416634-07A5-4126-87B0-93021B091857},Connector,13' Cable pass through wall,Part | Connector,Part | Forklift,2,1,no end is a port,"choose port (several, or none at one block-level end)"
{44651B4A-D830-48d3-A234-4881EFF606B8},Connector,9 GPIO+GND,Part | Gen4 Controller,Part | Buttons,3,0,no end is a port,"choose port (several, or none at one block-level end)"
{7B1D0F78-8E28-463e-98DB-8E02C24F87F7},Connector,ADC,Part | MCU,Part | AC Volt,4,2,no end is a port,"choose port (several, or none at one block-level end)"
{CD781117-6C38-4157-925B-E93B39756A34},Connector,Accessory Power,Part | Interface,Part | 12VDC/24VDC 3A,0,1,no end is a port,"choose port (several, or none at one block-level end)"
{5F799C42-5054-409c-BD96-DE26D2AC7129},Connector,Adhesive,Part | Adapter Clip,Part | Adapter Tape,2,0,no end is a port,"choose port (several, or none at one block-level end)"
{EE29D65F-3799-43ee-9766-5A84E4600701},Connector,CAN,Part | MCU,Part | Ext CAN,4,7,no end is a port,"choose port (several, or none at one block-level end)"
{ED68E8A1-E769-4656-87ED-7046E8217A89},Connector,CAN ESP,Part | C6,Part | CAN TXRX,1,4,no end is a port,"choose port (several, or none at one block-level end)"
{C4158471-270D-407f-ADCA-F277B1AEC2AE},Connector,Connect to Bus Bar,Part | Connector,Part | PCE,2,0,no end is a port,"choose port (several, or none at one block-level end)"
{C1D8B35D-6973-44a1-965C-3CD7445C46DC},Connector,External,Part | Terminal A3,Part | ,0,3,no end is a port,"choose port (several, or none at one block-level end)"
{1D573944-3B68-4ea2-83BB-FEBBDB675BEB},Connector,External,Part | Terminal A4,Part | ,0,3,no end is a port,"choose port (several, or none at one block-level end)"
{0DF6BCCC-FC85-4c9a-BCC1-19C9CE1DAE8B},Connector,GND,Part | Enclosure,Part | ,1,0,no end is a port,"choose port (several, or none at one block-level end)"
{49E04A17-26A8-4f06-9F19-D9D60E36BC72},Connector,GPIO,Part | MCU,Part | Stack,4,3,no end is a port,"choose port (several, or none at one block-level end)"
{ACBDA17D-03D7-4ca5-941E-00CEF51F6C16},Connector,GPIO,Part | C6,Part | MCU,1,4,no end is a port,"choose port (several, or none at one block-level end)"
{6E0F3E93-466A-4513-87DA-AB7ADBA58F4A},Connector,GPIO,Part | MCU,Part | Remote,4,5,no end is a port,"choose port (several, or none at one block-level end)"
{F7645B11-D506-41cf-A549-25EF33045531},Connector,GPIO,Part | MCU,Part | Pilot,4,4,no end is a port,"choose port (several, or none at one block-level end)"
{C7884BBD-71C5-47f9-AD09-E7545FAF1A0C},Connector,Install,Part | Technician,Part | PCOM,9,0,no end is a port,"choose port (several, or none at one block-level end)"
{A0B96624-2170-4e5c-A7EB-3166104D6310},Connector,Isolation,Part | ,Part | Outdoors,0,11,no end is a port,"choose port (several, or none at one block-level end)"
{A1BDDF04-03DC-4446-8AA8-A863517E0813},Connector,JTAG,Part | JTAG,Part | C6,0,1,no end is a port,"choose port (several, or none at one block-level end)"
{07AB8E72-9F81-45cf-80B9-DC22A81F0C52},Connector,LoRa,Part | ,Part | BMID,0,23,no end is a port,"choose port (several, or none at one block-level end)"
{03986218-2FAB-4035-ACDC-854EE418AAD1},Connector,Mounting,Part | Gen4 Door,Part | Gen4 Controller,0,3,no end is a port,"choose port (several, or none at one block-level end)"
{6E39050C-757E-44f7-852C-08BA3ED5691D},Connector,PWM/Monitor,Part | Power Board,Part | ,2,3,no end is a port,"choose port (several, or none at one block-level end)"
{DAF9C251-9200-474f-9F79-B8B24EE9A957},Connector,Plug-In,Part | Mk3,Part | Cel Ant,3,0,no end is a port,"choose port (several, or none at one block-level end)"
{606900F8-1C4F-48fd-8207-94FC183108EC},Connector,Plug-In,Part | Mk3,Part | BLEWiFi Ant,3,0,no end is a port,"choose port (several, or none at one block-level end)"
{0075E40B-AFA8-418f-9EA7-38F649F2BFB0},Connector,Plug-In,Part | Mk3,Part | Mk3 - Adapter,3,0,no end is a port,"choose port (several, or none at one block-level end)"
{3AE0F08C-317D-461b-9A55-DE563294675C},Connector,Plug-In,Part | Adapter,Part | INT - Adapter,1,2,no end is a port,"choose port (several, or none at one block-level end)"
{6220B8F7-0D11-480d-8F97-E4354E2AD236},Connector,Plug-In,Part | Adapter,Part | CTRL USB,1,2,no end is a port,"choose port (several, or none at one block-level end)"
{CC86DBE1-B194-4c9d-9756-5791FC57A75A},Connector,Plug-In,Part | Mk3 - Adapter,Part | Adapter,0,1,no end is a port,"choose port (several, or none at one block-level end)"
{D40CB490-B478-4a5c-AA7F-0CD4D1179FB0},Connector,Plug-In,Part | Interface,Part | Adapter,0,1,no end is a port,"choose port (several, or none at one block-level end)"
{FA205E5C-8D37-4630-906F-B5B6CEB117F9},Connector,Plug-In,Part | Mk3,Part | Mk3 USB,3,0,no end is a port,"choose port (several, or none at one block-level end)"
{709168C1-4C73-4189-A451-22D8FD8680DB},Connector,Plug-In,Part | Mk3 USB,Part | Adapter,0,1,no end is a port,"choose port (several, or none at one block-level end)"
{E2467DDD-5B8B-44e0-A7AA-B028F0E9D621},Connector,Power,Part | 5/15VDC Power Supply,Part | ,3,3,no end is a port,"choose port (several, or none at one block-level end)"
{DE515385-20F9-446f-BEBE-128750BCF56B},Connector,Power,Part | 12VDC Power Supply,Part | ,4,3,no end is a port,"choose port (several, or none at one block-level end)"
{22D11A78-AAA1-4b2b-82BF-C55B76564B76},Connector,RF,Part | Cel Ant,Part | Phone/Router,0,4,no end is a port,"choose port (several, or none at one block-level end)"
{CBE049EB-245F-454b-A935-635E05FD4E78},Connector,RS-485 In,Part | Master,Part | ,13,3,no end is a port,"choose port (several, or none at one block-level end)"
{2F4A36B8-E1F7-4ffd-95C0-E5D25EAE111D},Connector,RS-485 Out,Part | Slave,Part | ,13,3,no end is a port,"choose port (several, or none at one block-level end)"
{3D119DCA-B564-4f77-A8EF-211BC021362B},Connector,SPI,Part | C6,Part | Eth,1,2,no end is a port,"choose port (several, or none at one block-level end)"
{EF583AB8-2E80-4ec8-9CAC-19748F75BCCD},Connector,Snap Fit,Part | Mk3,Part | Mk3 Clip,3,0,no end is a port,"choose port (several, or none at one block-level end)"
{64E6D9FE-2EB3-4fdf-8203-C6100676DC59},Connector,Snap Fit,Part | Adapter,Part | Adapter Clip,1,2,no end is a port,"choose port (several, or none at one block-level end)"
{D34DCD42-14C3-4d6c-8A5D-1B57D8EAC27A},Connector,UART,Part | MCU,Part | USB-MCU,4,1,no end is a port,"choose port (several, or none at one block-level end)"
{9AD91324-5019-47c9-B238-EA1A95EA33DB},Connector,UART4 (GSECloud),Part | C6,Part | MCU,1,4,no end is a port,"choose port (several, or none at one block-level end)"
{9B04877E-A731-466c-B89E-F7F3E3077691},Connector,USB/JTAG,Part | USB-ESP,Part | C6,4,1,no end is a port,"choose port (several, or none at one block-level end)"
{88FADD8E-17FD-4ddd-9A9A-830E3B256445},InformationFlow,,Part | ,Port | Port23,3,port,one end is a port,"choose port (several, or none at one block-level end)"
{6DB43CBE-D580-4814-A1D5-4BAB236C865E},InformationFlow,,Part | ,Port | Port33,3,port,one end is a port,"choose port (several, or none at one block-level end)"
{4C21199B-00C6-4cbf-8A5F-908D50508017},Connector,,Port | J6 DC Buffer,InformationItem | Output Voltage Monitor,port,0,one end is a port,create ports (none exist on the block-level ends)
{D24055FD-8375-449d-9195-DC14A0CE62F5},Connector,,Port | J2 AC Relay,InformationItem | CEC Control,port,0,one end is a port,create ports (none exist on the block-level ends)
{658EAD70-627B-4105-9718-579A28BD770B},Connector,,Port | Side B,Class | ASM PCOM 1.0,port,0,one end is a port,create ports (none exist on the block-level ends)
{B05C3AA8-EC59-4d50-A8E9-23A3DAC30D52},Connector,,Port | 10 Pin A,Class | ASM PCOM 1.0,port,0,one end is a port,create ports (none exist on the block-level ends)
{5741302E-0F1F-4c68-9642-B682ADB308FC},Connector,,Part | ,Part | ,0,0,no end is a port,create ports (none exist on the block-level ends)
{E17A1BA8-9C09-47a9-B868-5762C0ED3BBA},Connector,,Part | ,Part | ,0,0,no end is a port,create ports (none exist on the block-level ends)
{5D16464C-5C26-402a-8706-F24DBDBEAD3E},Connector,,Part | ,Part | Interior,0,0,no end is a port,create ports (none exist on the block-level ends)
{C8AE0572-30B0-4a0d-8F97-CAC638C804AD},Connector,,Part | ,Part | ,0,0,no end is a port,create ports (none exist on the block-level ends)
{5F143C54-585D-4549-8F37-7CB7247A9DE3},Connector,,Part | ,Part | ,0,0,no end is a port,create ports (none exist on the block-level ends)
{0B0891E6-627F-4c23-8A10-92E9537F29B6},Connector,,Part | ,Part | ,0,0,no end is a port,create ports (none exist on the block-level ends)
{E4CC4F65-7DC8-4079-B103-AD32C7D882EE},Connector,,Part | ,Part | ,0,0,no end is a port,create ports (none exist on the block-level ends)
{249D3EDC-9153-4749-BF35-88C2750E564E},Connector,,Part | ,Part | ,0,0,no end is a port,create ports (none exist on the block-level ends)
{A2DE20F2-A950-4a3a-ADAB-6DDD76F34793},Connector,,Part | ,Part | ,0,0,no end is a port,create ports (none exist on the block-level ends)
{101E153C-CA2E-49a5-88CC-9F888EC1AB91},Connector,,Part | ,Part | ,0,0,no end is a port,create ports (none exist on the block-level ends)
{BECC5FAF-7763-48bd-ABFB-D2A896BE9F9E},Connector,,Part | ,Part | ,0,0,no end is a port,create ports (none exist on the block-level ends)
{0E66DA62-E581-4742-837A-AA023B87784C},Connector,,Port | +5VDC In,Part | ,port,0,one end is a port,create ports (none exist on the block-level ends)
{E6ABBA77-BA9C-46ae-AB26-8E06403F8672},Connector,,Object | SplitP + GND,Object | GSE TurboConnect,0,0,no end is a port,create ports (none exist on the block-level ends)
{AAEE3DAC-9464-4c30-A2AC-0DEBA0299DB1},Connector,,Object | EVSE Breaker 60A,Object | SplitP + GND,0,0,no end is a port,create ports (none exist on the block-level ends)
{D3EA9654-A776-409e-9D93-EDD1EFEC4590},Connector,Adhesive,Part | Adapter Tape,Part | Interior,0,0,no end is a port,create ports (none exist on the block-level ends)
{17FAFD03-999B-4549-94D3-EF91AE0F9D7E},Connector,Adhesive,Part | Mk3 Tape,Part | ,0,0,no end is a port,create ports (none exist on the block-level ends)
{169DABCC-2F4C-4999-BDC6-23C77E8A973C},Connector,Adhesive,Part | Mk3 Clip,Part | Mk3 Tape,0,0,no end is a port,create ports (none exist on the block-level ends)
{35626A50-CB99-4958-8E6B-DEBCCA0B3C8A},Connector,Adhesive,Part | Mk3 Tape,Part | Interior,0,0,no end is a port,create ports (none exist on the block-level ends)
{FC0A8480-D769-4bb3-8C55-A523B23CD2D3},Connector,Adhesive,Part | Adapter Tape,Part | ,0,0,no end is a port,create ports (none exist on the block-level ends)
{B9005B9B-9838-4073-A2DF-77B29C7CC99C},Connector,Mount to wall,Part | PCE,Part | ,0,0,no end is a port,create ports (none exist on the block-level ends)
{500060AD-955E-427d-8A9F-06A89DF1CDA5},Connector,Mounting,Part | LoRa Gateway,Part | Gen4 Door,0,0,no end is a port,create ports (none exist on the block-level ends)
{C0123FFB-5B88-4b28-8A15-390E77113988},Connector,Mounting,Part | Buttons,Part | Gen4 Door,0,0,no end is a port,create ports (none exist on the block-level ends)
{709E0A74-18E2-4e2f-A8FF-AFEF3CBCCFF5},Connector,Mounting,Part | Gen4 Door,Part | Gen4 Display,0,0,no end is a port,create ports (none exist on the block-level ends)
{67414D20-B15F-4f07-9FFD-6BFEE6168A9B},Connector,Through Hole Mount,Part | BLEWiFi Ant,Part | Interior,0,0,no end is a port,create ports (none exist on the block-level ends)
{4718700F-9132-4b13-8AB7-B080C6635D46},Connector,Through Hole Mount,Part | Cel Ant,Part | Interior,0,0,no end is a port,create ports (none exist on the block-level ends)
{33C25F84-9862-477f-807F-979E03C20B80},Connector,Through Hole Mount,Part | BLEWiFi Ant,Part | ,0,0,no end is a port,create ports (none exist on the block-level ends)
{03F6E1C8-3358-449a-8295-BFE8B564BCEE},Connector,Through Hole Mount,Part | Cel Ant,Part | ,0,0,no end is a port,create ports (none exist on the block-level ends)
{3FD7FFA2-374E-4c59-86E6-86D092CE0025},InformationFlow,,Part | ,Port | Center Tap Neutral,0,port,one end is a port,create ports (none exist on the block-level ends)
{040C8427-39FE-46c7-9653-A7C81429BE26},InformationFlow,,Port | L3,Part | ,port,0,one end is a port,create ports (none exist on the block-level ends)
{EB258B36-F1C9-42d5-A0C8-1850031AD1DD},InformationFlow,,Part | ,Port | Protective Earth,0,port,one end is a port,create ports (none exist on the block-level ends)
{9C9F2670-0C7A-47d5-95D8-A10073964069},InformationFlow,,Part | ,Port | Protective Earth,0,port,one end is a port,create ports (none exist on the block-level ends)
{16C9707D-8AD2-40c7-8242-2451A3B861A6},InformationFlow,,Port | L1,Part | ,port,0,one end is a port,create ports (none exist on the block-level ends)
{C1F3D4BD-15FC-4ef9-9EEC-4B3DD1A45BEA},InformationFlow,,Port | L2,Part | ,port,0,one end is a port,create ports (none exist on the block-level ends)
{234DF27B-7F28-4129-9BF2-D948ED46AFCF},InformationFlow,,Port | L3,Part | ,port,0,one end is a port,create ports (none exist on the block-level ends)
{7281437C-3EB8-4b18-B7F1-6FB0C7651644},Connector,,,,,,no end is a port,end missing from the export
{60C0F1A3-2F6D-4b39-B70A-C1D348F659D7},Connector,,Part | USB-MCU,Port | USB-C,1,port,one end is a port,single candidate port at each block-level end
{D7F4C167-A0CB-47d2-AC41-59CB4717471E},Connector,,Part | 3.3VDC,Part | Cel,1,1,no end is a port,single candidate port at each block-level end
{8DF48BBD-C601-4811-AD60-B8B4DB295EE7},Connector,+3.3VDC,Part | 3.3VDC,Part | C6,1,1,no end is a port,single candidate port at each block-level end
{475B4FB5-5A8A-4e4b-8E40-8E6A9763FF74},Connector,GPIO,Part | C6,Part | Cel,1,1,no end is a port,single candidate port at each block-level end
{0EA016EB-0D22-49a4-9A8A-AADCA1281785},Connector,UART,Part | C6,Part | Cel,1,1,no end is a port,single candidate port at each block-level end
